image_name,label
401.jpg,Field
402.jpg,Field
403.jpg,Field
404.jpg,Field
405.jpg,Field
406.jpg,Field
407.jpg,Field
408.jpg,Field
409.jpg,Field
410.jpg,Field
411.jpg,Field
412.jpg,Field
413.jpg,Field
414.jpg,Field
415.jpg,Field
416.jpg,Field
417.jpg,Field
418.jpg,Field
419.jpg,Field
420.jpg,Field
421.jpg,Field
422.jpg,Field
423.jpg,Field
424.jpg,Field
425.jpg,Field
426.jpg,Field
427.jpg,Field
428.jpg,Field
429.jpg,Field
430.jpg,Field
431.jpg,Field
432.jpg,Field
433.jpg,Field
434.jpg,Field
435.jpg,Field
436.jpg,Field
437.jpg,Field
438.jpg,Field
439.jpg,Field
440.jpg,Field
441.jpg,Field
442.jpg,Field
443.jpg,Field
444.jpg,Field
445.jpg,Field
446.jpg,Field
447.jpg,Field
448.jpg,Field
449.jpg,Field
450.jpg,Field
451.jpg,Field
452.jpg,Field
453.jpg,Field
454.jpg,Field
455.jpg,Field
456.jpg,Field
457.jpg,Field
458.jpg,Field
459.jpg,Field
460.jpg,Field
461.jpg,Field
462.jpg,Field
463.jpg,Field
464.jpg,Field
465.jpg,Field
466.jpg,Field
467.jpg,Field
468.jpg,Field
469.jpg,Field
470.jpg,Field
471.jpg,Field
472.jpg,Field
473.jpg,Field
474.jpg,Field
475.jpg,Field
476.jpg,Field
477.jpg,Field
478.jpg,Field
479.jpg,Field
480.jpg,Field
481.jpg,Field
482.jpg,Field
483.jpg,Field
484.jpg,Field
485.jpg,Field
486.jpg,Field
487.jpg,Field
488.jpg,Field
489.jpg,Field
490.jpg,Field
491.jpg,Field
492.jpg,Field
493.jpg,Field
494.jpg,Field
495.jpg,Field
496.jpg,Field
497.jpg,Field
498.jpg,Field
499.jpg,Field
500.jpg,Field
501.jpg,Field
502.jpg,Field
503.jpg,Field
504.jpg,Field
505.jpg,Field
506.jpg,Field
507.jpg,Field
508.jpg,Field
509.jpg,Field
510.jpg,Field
511.jpg,Field
512.jpg,Field
513.jpg,Field
514.jpg,Field
515.jpg,Field
516.jpg,Field
517.jpg,Field
518.jpg,Field
519.jpg,Field
520.jpg,Field
521.jpg,Field
522.jpg,Field
523.jpg,Field
524.jpg,Field
525.jpg,Field
526.jpg,Field
527.jpg,Field
528.jpg,Field
529.jpg,Field
530.jpg,Field
531.jpg,Field
532.jpg,Field
533.jpg,Field
534.jpg,Field
535.jpg,Field
536.jpg,Field
537.jpg,Field
538.jpg,Field
539.jpg,Field
540.jpg,Field
541.jpg,Field
542.jpg,Field
543.jpg,Field
544.jpg,Field
545.jpg,Field
546.jpg,Field
547.jpg,Field
548.jpg,Field
549.jpg,Field
550.jpg,Field
551.jpg,Field
552.jpg,Field
553.jpg,Field
554.jpg,Field
555.jpg,Field
556.jpg,Field
557.jpg,Field
558.jpg,Field
559.jpg,Field
560.jpg,Field
561.jpg,Field
562.jpg,Field
563.jpg,Field
564.jpg,Field
565.jpg,Field
566.jpg,Field
567.jpg,Field
568.jpg,Field
569.jpg,Field
570.jpg,Field
571.jpg,Field
572.jpg,Field
573.jpg,Field
574.jpg,Field
575.jpg,Field
576.jpg,Field
577.jpg,Field
578.jpg,Field
579.jpg,Field
580.jpg,Field
581.jpg,Field
582.jpg,Field
583.jpg,Field
584.jpg,Field
585.jpg,Field
586.jpg,Field
587.jpg,Field
588.jpg,Field
589.jpg,Field
590.jpg,Field
591.jpg,Field
592.jpg,Field
593.jpg,Field
594.jpg,Field
595.jpg,Field
596.jpg,Field
597.jpg,Field
598.jpg,Field
599.jpg,Field
600.jpg,Field
601.jpg,Field
602.jpg,Field
603.jpg,Field
604.jpg,Field
605.jpg,Field
606.jpg,Field
607.jpg,Field
608.jpg,Field
609.jpg,Field
610.jpg,Field
611.jpg,Field
612.jpg,Field
613.jpg,Field
614.jpg,Field
615.jpg,Field
616.jpg,Field
617.jpg,Field
618.jpg,Field
619.jpg,Field
620.jpg,Field
621.jpg,Field
622.jpg,Field
623.jpg,Field
624.jpg,Field
625.jpg,Field
626.jpg,Field
627.jpg,Field
628.jpg,Field
629.jpg,Field
630.jpg,Field
631.jpg,Field
632.jpg,Field
633.jpg,Field
634.jpg,Field
635.jpg,Field
636.jpg,Field
637.jpg,Field
638.jpg,Field
639.jpg,Field
640.jpg,Field
641.jpg,Field
642.jpg,Field
643.jpg,Field
644.jpg,Field
645.jpg,Field
646.jpg,Field
647.jpg,Field
648.jpg,Field
649.jpg,Field
650.jpg,Field
651.jpg,Field
652.jpg,Field
653.jpg,Field
654.jpg,Field
655.jpg,Field
656.jpg,Field
657.jpg,Field
658.jpg,Field
659.jpg,Field
660.jpg,Field
661.jpg,Field
662.jpg,Field
663.jpg,Field
664.jpg,Field
665.jpg,Field
666.jpg,Field
667.jpg,Field
668.jpg,Field
669.jpg,Field
670.jpg,Field
671.jpg,Field
672.jpg,Field
673.jpg,Field
674.jpg,Field
675.jpg,Field
676.jpg,Field
677.jpg,Field
678.jpg,Field
679.jpg,Field
680.jpg,Field
681.jpg,Field
682.jpg,Field
683.jpg,Field
684.jpg,Field
685.jpg,Field
686.jpg,Field
687.jpg,Field
688.jpg,Field
689.jpg,Field
690.jpg,Field
691.jpg,Field
692.jpg,Field
693.jpg,Field
694.jpg,Field
695.jpg,Field
696.jpg,Field
697.jpg,Field
698.jpg,Field
699.jpg,Field
700.jpg,Field
701.jpg,Field
702.jpg,Field
703.jpg,Field
704.jpg,Field
705.jpg,Field
706.jpg,Field
707.jpg,Field
708.jpg,Field
709.jpg,Field
710.jpg,Field
711.jpg,Field
712.jpg,Field
713.jpg,Field
714.jpg,Field
715.jpg,Field
716.jpg,Field
717.jpg,Field
718.jpg,Field
719.jpg,Field
720.jpg,Field
721.jpg,Field
722.jpg,Field
723.jpg,Field
724.jpg,Field
725.jpg,Field
726.jpg,Field
727.jpg,Field
728.jpg,Field
729.jpg,Field
730.jpg,Field
731.jpg,Field
732.jpg,Field
733.jpg,Field
734.jpg,Field
735.jpg,Field
736.jpg,Field
737.jpg,Field
738.jpg,Field
739.jpg,Field
740.jpg,Field
741.jpg,Field
742.jpg,Field
743.jpg,Field
744.jpg,Field
745.jpg,Field
746.jpg,Field
747.jpg,Field
748.jpg,Field
749.jpg,Field
750.jpg,Field
751.jpg,Field
752.jpg,Field
753.jpg,Field
754.jpg,Field
755.jpg,Field
756.jpg,Field
757.jpg,Field
758.jpg,Field
759.jpg,Field
760.jpg,Field
761.jpg,Field
762.jpg,Field
763.jpg,Field
764.jpg,Field
765.jpg,Field
766.jpg,Field
767.jpg,Field
768.jpg,Field
769.jpg,Field
770.jpg,Field
771.jpg,Field
772.jpg,Field
773.jpg,Field
774.jpg,Field
775.jpg,Field
776.jpg,Field
777.jpg,Field
778.jpg,Field
779.jpg,Field
780.jpg,Field
781.jpg,Field
782.jpg,Field
783.jpg,Field
784.jpg,Field
785.jpg,Field
786.jpg,Field
787.jpg,Field
788.jpg,Field
789.jpg,Field
790.jpg,Field
791.jpg,Field
792.jpg,Field
793.jpg,Field
794.jpg,Field
795.jpg,Field
796.jpg,Field
797.jpg,Field
798.jpg,Field
799.jpg,Field
800.jpg,Field
1601.jpg,Forest
1602.jpg,Forest
1603.jpg,Forest
1604.jpg,Forest
1605.jpg,Forest
1606.jpg,Forest
1607.jpg,Forest
1608.jpg,Forest
1609.jpg,Forest
1610.jpg,Forest
1611.jpg,Forest
1612.jpg,Forest
1613.jpg,Forest
1614.jpg,Forest
1615.jpg,Forest
1616.jpg,Forest
1617.jpg,Forest
1618.jpg,Forest
1619.jpg,Forest
1620.jpg,Forest
1621.jpg,Forest
1622.jpg,Forest
1623.jpg,Forest
1624.jpg,Forest
1625.jpg,Forest
1626.jpg,Forest
1627.jpg,Forest
1628.jpg,Forest
1629.jpg,Forest
1630.jpg,Forest
1631.jpg,Forest
1632.jpg,Forest
1633.jpg,Forest
1634.jpg,Forest
1635.jpg,Forest
1636.jpg,Forest
1637.jpg,Forest
1638.jpg,Forest
1639.jpg,Forest
1640.jpg,Forest
1641.jpg,Forest
1642.jpg,Forest
1643.jpg,Forest
1644.jpg,Forest
1645.jpg,Forest
1646.jpg,Forest
1647.jpg,Forest
1648.jpg,Forest
1649.jpg,Forest
1650.jpg,Forest
1651.jpg,Forest
1652.jpg,Forest
1653.jpg,Forest
1654.jpg,Forest
1655.jpg,Forest
1656.jpg,Forest
1657.jpg,Forest
1658.jpg,Forest
1659.jpg,Forest
1660.jpg,Forest
1661.jpg,Forest
1662.jpg,Forest
1663.jpg,Forest
1664.jpg,Forest
1665.jpg,Forest
1666.jpg,Forest
1667.jpg,Forest
1668.jpg,Forest
1669.jpg,Forest
1670.jpg,Forest
1671.jpg,Forest
1672.jpg,Forest
1673.jpg,Forest
1674.jpg,Forest
1675.jpg,Forest
1676.jpg,Forest
1677.jpg,Forest
1678.jpg,Forest
1679.jpg,Forest
1680.jpg,Forest
1681.jpg,Forest
1682.jpg,Forest
1683.jpg,Forest
1684.jpg,Forest
1685.jpg,Forest
1686.jpg,Forest
1687.jpg,Forest
1688.jpg,Forest
1689.jpg,Forest
1690.jpg,Forest
1691.jpg,Forest
1692.jpg,Forest
1693.jpg,Forest
1694.jpg,Forest
1695.jpg,Forest
1696.jpg,Forest
1697.jpg,Forest
1698.jpg,Forest
1699.jpg,Forest
1700.jpg,Forest
1701.jpg,Forest
1702.jpg,Forest
1703.jpg,Forest
1704.jpg,Forest
1705.jpg,Forest
1706.jpg,Forest
1707.jpg,Forest
1708.jpg,Forest
1709.jpg,Forest
1710.jpg,Forest
1711.jpg,Forest
1712.jpg,Forest
1713.jpg,Forest
1714.jpg,Forest
1715.jpg,Forest
1716.jpg,Forest
1717.jpg,Forest
1718.jpg,Forest
1719.jpg,Forest
1720.jpg,Forest
1721.jpg,Forest
1722.jpg,Forest
1723.jpg,Forest
1724.jpg,Forest
1725.jpg,Forest
1726.jpg,Forest
1727.jpg,Forest
1728.jpg,Forest
1729.jpg,Forest
1730.jpg,Forest
1731.jpg,Forest
1732.jpg,Forest
1733.jpg,Forest
1734.jpg,Forest
1735.jpg,Forest
1736.jpg,Forest
1737.jpg,Forest
1738.jpg,Forest
1739.jpg,Forest
1740.jpg,Forest
1741.jpg,Forest
1742.jpg,Forest
1743.jpg,Forest
1744.jpg,Forest
1745.jpg,Forest
1746.jpg,Forest
1747.jpg,Forest
1748.jpg,Forest
1749.jpg,Forest
1750.jpg,Forest
1751.jpg,Forest
1752.jpg,Forest
1753.jpg,Forest
1754.jpg,Forest
1755.jpg,Forest
1756.jpg,Forest
1757.jpg,Forest
1758.jpg,Forest
1759.jpg,Forest
1760.jpg,Forest
1761.jpg,Forest
1762.jpg,Forest
1763.jpg,Forest
1764.jpg,Forest
1765.jpg,Forest
1766.jpg,Forest
1767.jpg,Forest
1768.jpg,Forest
1769.jpg,Forest
1770.jpg,Forest
1771.jpg,Forest
1772.jpg,Forest
1773.jpg,Forest
1774.jpg,Forest
1775.jpg,Forest
1776.jpg,Forest
1777.jpg,Forest
1778.jpg,Forest
1779.jpg,Forest
1780.jpg,Forest
1781.jpg,Forest
1782.jpg,Forest
1783.jpg,Forest
1784.jpg,Forest
1785.jpg,Forest
1786.jpg,Forest
1787.jpg,Forest
1788.jpg,Forest
1789.jpg,Forest
1790.jpg,Forest
1791.jpg,Forest
1792.jpg,Forest
1793.jpg,Forest
1794.jpg,Forest
1795.jpg,Forest
1796.jpg,Forest
1797.jpg,Forest
1798.jpg,Forest
1799.jpg,Forest
1800.jpg,Forest
1801.jpg,Forest
1802.jpg,Forest
1803.jpg,Forest
1804.jpg,Forest
1805.jpg,Forest
1806.jpg,Forest
1807.jpg,Forest
1808.jpg,Forest
1809.jpg,Forest
1810.jpg,Forest
1811.jpg,Forest
1812.jpg,Forest
1813.jpg,Forest
1814.jpg,Forest
1815.jpg,Forest
1816.jpg,Forest
1817.jpg,Forest
1818.jpg,Forest
1819.jpg,Forest
1820.jpg,Forest
1821.jpg,Forest
1822.jpg,Forest
1823.jpg,Forest
1824.jpg,Forest
1825.jpg,Forest
1826.jpg,Forest
1827.jpg,Forest
1828.jpg,Forest
1829.jpg,Forest
1830.jpg,Forest
1831.jpg,Forest
1832.jpg,Forest
1833.jpg,Forest
1834.jpg,Forest
1835.jpg,Forest
1836.jpg,Forest
1837.jpg,Forest
1838.jpg,Forest
1839.jpg,Forest
1840.jpg,Forest
1841.jpg,Forest
1842.jpg,Forest
1843.jpg,Forest
1844.jpg,Forest
1845.jpg,Forest
1846.jpg,Forest
1847.jpg,Forest
1848.jpg,Forest
1849.jpg,Forest
1850.jpg,Forest
1851.jpg,Forest
1852.jpg,Forest
1853.jpg,Forest
1854.jpg,Forest
1855.jpg,Forest
1856.jpg,Forest
1857.jpg,Forest
1858.jpg,Forest
1859.jpg,Forest
1860.jpg,Forest
1861.jpg,Forest
1862.jpg,Forest
1863.jpg,Forest
1864.jpg,Forest
1865.jpg,Forest
1866.jpg,Forest
1867.jpg,Forest
1868.jpg,Forest
1869.jpg,Forest
1870.jpg,Forest
1871.jpg,Forest
1872.jpg,Forest
1873.jpg,Forest
1874.jpg,Forest
1875.jpg,Forest
1876.jpg,Forest
1877.jpg,Forest
1878.jpg,Forest
1879.jpg,Forest
1880.jpg,Forest
1881.jpg,Forest
1882.jpg,Forest
1883.jpg,Forest
1884.jpg,Forest
1885.jpg,Forest
1886.jpg,Forest
1887.jpg,Forest
1888.jpg,Forest
1889.jpg,Forest
1890.jpg,Forest
1891.jpg,Forest
1892.jpg,Forest
1893.jpg,Forest
1894.jpg,Forest
1895.jpg,Forest
1896.jpg,Forest
1897.jpg,Forest
1898.jpg,Forest
1899.jpg,Forest
1900.jpg,Forest
1901.jpg,Forest
1902.jpg,Forest
1903.jpg,Forest
1904.jpg,Forest
1905.jpg,Forest
1906.jpg,Forest
1907.jpg,Forest
1908.jpg,Forest
1909.jpg,Forest
1910.jpg,Forest
1911.jpg,Forest
1912.jpg,Forest
1913.jpg,Forest
1914.jpg,Forest
1915.jpg,Forest
1916.jpg,Forest
1917.jpg,Forest
1918.jpg,Forest
1919.jpg,Forest
1920.jpg,Forest
1921.jpg,Forest
1922.jpg,Forest
1923.jpg,Forest
1924.jpg,Forest
1925.jpg,Forest
1926.jpg,Forest
1927.jpg,Forest
1928.jpg,Forest
1929.jpg,Forest
1930.jpg,Forest
1931.jpg,Forest
1932.jpg,Forest
1933.jpg,Forest
1934.jpg,Forest
1935.jpg,Forest
1936.jpg,Forest
1937.jpg,Forest
1938.jpg,Forest
1939.jpg,Forest
1940.jpg,Forest
1941.jpg,Forest
1942.jpg,Forest
1943.jpg,Forest
1944.jpg,Forest
1945.jpg,Forest
1946.jpg,Forest
1947.jpg,Forest
1948.jpg,Forest
1949.jpg,Forest
1950.jpg,Forest
1951.jpg,Forest
1952.jpg,Forest
1953.jpg,Forest
1954.jpg,Forest
1955.jpg,Forest
1956.jpg,Forest
1957.jpg,Forest
1958.jpg,Forest
1959.jpg,Forest
1960.jpg,Forest
1961.jpg,Forest
1962.jpg,Forest
1963.jpg,Forest
1964.jpg,Forest
1965.jpg,Forest
1966.jpg,Forest
1967.jpg,Forest
1968.jpg,Forest
1969.jpg,Forest
1970.jpg,Forest
1971.jpg,Forest
1972.jpg,Forest
1973.jpg,Forest
1974.jpg,Forest
1975.jpg,Forest
1976.jpg,Forest
1977.jpg,Forest
1978.jpg,Forest
1979.jpg,Forest
1980.jpg,Forest
1981.jpg,Forest
1982.jpg,Forest
1983.jpg,Forest
1984.jpg,Forest
1985.jpg,Forest
1986.jpg,Forest
1987.jpg,Forest
1988.jpg,Forest
1989.jpg,Forest
1990.jpg,Forest
1991.jpg,Forest
1992.jpg,Forest
1993.jpg,Forest
1994.jpg,Forest
1995.jpg,Forest
1996.jpg,Forest
1997.jpg,Forest
1998.jpg,Forest
1999.jpg,Forest
2000.jpg,Forest
1.jpg,Grass
10.jpg,Grass
100.jpg,Grass
101.jpg,Grass
102.jpg,Grass
103.jpg,Grass
104.jpg,Grass
105.jpg,Grass
106.jpg,Grass
107.jpg,Grass
108.jpg,Grass
109.jpg,Grass
11.jpg,Grass
110.jpg,Grass
111.jpg,Grass
112.jpg,Grass
113.jpg,Grass
114.jpg,Grass
115.jpg,Grass
116.jpg,Grass
117.jpg,Grass
118.jpg,Grass
119.jpg,Grass
12.jpg,Grass
120.jpg,Grass
121.jpg,Grass
122.jpg,Grass
123.jpg,Grass
124.jpg,Grass
125.jpg,Grass
126.jpg,Grass
127.jpg,Grass
128.jpg,Grass
129.jpg,Grass
13.jpg,Grass
130.jpg,Grass
131.jpg,Grass
132.jpg,Grass
133.jpg,Grass
134.jpg,Grass
135.jpg,Grass
136.jpg,Grass
137.jpg,Grass
138.jpg,Grass
139.jpg,Grass
14.jpg,Grass
140.jpg,Grass
141.jpg,Grass
142.jpg,Grass
143.jpg,Grass
144.jpg,Grass
145.jpg,Grass
146.jpg,Grass
147.jpg,Grass
148.jpg,Grass
149.jpg,Grass
15.jpg,Grass
150.jpg,Grass
151.jpg,Grass
152.jpg,Grass
153.jpg,Grass
154.jpg,Grass
155.jpg,Grass
156.jpg,Grass
157.jpg,Grass
158.jpg,Grass
159.jpg,Grass
16.jpg,Grass
160.jpg,Grass
161.jpg,Grass
162.jpg,Grass
163.jpg,Grass
164.jpg,Grass
165.jpg,Grass
166.jpg,Grass
167.jpg,Grass
168.jpg,Grass
169.jpg,Grass
17.jpg,Grass
170.jpg,Grass
171.jpg,Grass
172.jpg,Grass
173.jpg,Grass
174.jpg,Grass
175.jpg,Grass
176.jpg,Grass
177.jpg,Grass
178.jpg,Grass
179.jpg,Grass
18.jpg,Grass
180.jpg,Grass
181.jpg,Grass
182.jpg,Grass
183.jpg,Grass
184.jpg,Grass
185.jpg,Grass
186.jpg,Grass
187.jpg,Grass
188.jpg,Grass
189.jpg,Grass
19.jpg,Grass
190.jpg,Grass
191.jpg,Grass
192.jpg,Grass
193.jpg,Grass
194.jpg,Grass
195.jpg,Grass
196.jpg,Grass
197.jpg,Grass
198.jpg,Grass
199.jpg,Grass
2.jpg,Grass
20.jpg,Grass
200.jpg,Grass
201.jpg,Grass
202.jpg,Grass
203.jpg,Grass
204.jpg,Grass
205.jpg,Grass
206.jpg,Grass
207.jpg,Grass
208.jpg,Grass
209.jpg,Grass
21.jpg,Grass
210.jpg,Grass
211.jpg,Grass
212.jpg,Grass
213.jpg,Grass
214.jpg,Grass
215.jpg,Grass
216.jpg,Grass
217.jpg,Grass
218.jpg,Grass
219.jpg,Grass
22.jpg,Grass
220.jpg,Grass
221.jpg,Grass
222.jpg,Grass
223.jpg,Grass
224.jpg,Grass
225.jpg,Grass
226.jpg,Grass
227.jpg,Grass
228.jpg,Grass
229.jpg,Grass
23.jpg,Grass
230.jpg,Grass
231.jpg,Grass
232.jpg,Grass
233.jpg,Grass
234.jpg,Grass
235.jpg,Grass
236.jpg,Grass
237.jpg,Grass
238.jpg,Grass
239.jpg,Grass
24.jpg,Grass
240.jpg,Grass
241.jpg,Grass
242.jpg,Grass
243.jpg,Grass
244.jpg,Grass
245.jpg,Grass
246.jpg,Grass
247.jpg,Grass
248.jpg,Grass
249.jpg,Grass
25.jpg,Grass
250.jpg,Grass
251.jpg,Grass
252.jpg,Grass
253.jpg,Grass
254.jpg,Grass
255.jpg,Grass
256.jpg,Grass
257.jpg,Grass
258.jpg,Grass
259.jpg,Grass
26.jpg,Grass
260.jpg,Grass
261.jpg,Grass
262.jpg,Grass
263.jpg,Grass
264.jpg,Grass
265.jpg,Grass
266.jpg,Grass
267.jpg,Grass
268.jpg,Grass
269.jpg,Grass
27.jpg,Grass
270.jpg,Grass
271.jpg,Grass
272.jpg,Grass
273.jpg,Grass
274.jpg,Grass
275.jpg,Grass
276.jpg,Grass
277.jpg,Grass
278.jpg,Grass
279.jpg,Grass
28.jpg,Grass
280.jpg,Grass
281.jpg,Grass
282.jpg,Grass
283.jpg,Grass
284.jpg,Grass
285.jpg,Grass
286.jpg,Grass
287.jpg,Grass
288.jpg,Grass
289.jpg,Grass
29.jpg,Grass
290.jpg,Grass
291.jpg,Grass
292.jpg,Grass
293.jpg,Grass
294.jpg,Grass
295.jpg,Grass
296.jpg,Grass
297.jpg,Grass
298.jpg,Grass
299.jpg,Grass
3.jpg,Grass
30.jpg,Grass
300.jpg,Grass
301.jpg,Grass
302.jpg,Grass
303.jpg,Grass
304.jpg,Grass
305.jpg,Grass
306.jpg,Grass
307.jpg,Grass
308.jpg,Grass
309.jpg,Grass
31.jpg,Grass
310.jpg,Grass
311.jpg,Grass
312.jpg,Grass
313.jpg,Grass
314.jpg,Grass
315.jpg,Grass
316.jpg,Grass
317.jpg,Grass
318.jpg,Grass
319.jpg,Grass
32.jpg,Grass
320.jpg,Grass
321.jpg,Grass
322.jpg,Grass
323.jpg,Grass
324.jpg,Grass
325.jpg,Grass
326.jpg,Grass
327.jpg,Grass
328.jpg,Grass
329.jpg,Grass
33.jpg,Grass
330.jpg,Grass
331.jpg,Grass
332.jpg,Grass
333.jpg,Grass
334.jpg,Grass
335.jpg,Grass
336.jpg,Grass
337.jpg,Grass
338.jpg,Grass
339.jpg,Grass
34.jpg,Grass
340.jpg,Grass
341.jpg,Grass
342.jpg,Grass
343.jpg,Grass
344.jpg,Grass
345.jpg,Grass
346.jpg,Grass
347.jpg,Grass
348.jpg,Grass
349.jpg,Grass
35.jpg,Grass
350.jpg,Grass
351.jpg,Grass
352.jpg,Grass
353.jpg,Grass
354.jpg,Grass
355.jpg,Grass
356.jpg,Grass
357.jpg,Grass
358.jpg,Grass
359.jpg,Grass
36.jpg,Grass
360.jpg,Grass
361.jpg,Grass
362.jpg,Grass
363.jpg,Grass
364.jpg,Grass
365.jpg,Grass
366.jpg,Grass
367.jpg,Grass
368.jpg,Grass
369.jpg,Grass
37.jpg,Grass
370.jpg,Grass
371.jpg,Grass
372.jpg,Grass
373.jpg,Grass
374.jpg,Grass
375.jpg,Grass
376.jpg,Grass
377.jpg,Grass
378.jpg,Grass
379.jpg,Grass
38.jpg,Grass
380.jpg,Grass
381.jpg,Grass
382.jpg,Grass
383.jpg,Grass
384.jpg,Grass
385.jpg,Grass
386.jpg,Grass
387.jpg,Grass
388.jpg,Grass
389.jpg,Grass
39.jpg,Grass
390.jpg,Grass
391.jpg,Grass
392.jpg,Grass
393.jpg,Grass
394.jpg,Grass
395.jpg,Grass
396.jpg,Grass
397.jpg,Grass
398.jpg,Grass
399.jpg,Grass
4.jpg,Grass
40.jpg,Grass
400.jpg,Grass
41.jpg,Grass
42.jpg,Grass
43.jpg,Grass
44.jpg,Grass
45.jpg,Grass
46.jpg,Grass
47.jpg,Grass
48.jpg,Grass
49.jpg,Grass
5.jpg,Grass
50.jpg,Grass
51.jpg,Grass
52.jpg,Grass
53.jpg,Grass
54.jpg,Grass
55.jpg,Grass
56.jpg,Grass
57.jpg,Grass
58.jpg,Grass
59.jpg,Grass
6.jpg,Grass
60.jpg,Grass
61.jpg,Grass
62.jpg,Grass
63.jpg,Grass
64.jpg,Grass
65.jpg,Grass
66.jpg,Grass
67.jpg,Grass
68.jpg,Grass
69.jpg,Grass
7.jpg,Grass
70.jpg,Grass
71.jpg,Grass
72.jpg,Grass
73.jpg,Grass
74.jpg,Grass
75.jpg,Grass
76.jpg,Grass
77.jpg,Grass
78.jpg,Grass
79.jpg,Grass
8.jpg,Grass
80.jpg,Grass
81.jpg,Grass
82.jpg,Grass
83.jpg,Grass
84.jpg,Grass
85.jpg,Grass
86.jpg,Grass
87.jpg,Grass
88.jpg,Grass
89.jpg,Grass
9.jpg,Grass
90.jpg,Grass
91.jpg,Grass
92.jpg,Grass
93.jpg,Grass
94.jpg,Grass
95.jpg,Grass
96.jpg,Grass
97.jpg,Grass
98.jpg,Grass
99.jpg,Grass
1000.jpg,Industry
1001.jpg,Industry
1002.jpg,Industry
1003.jpg,Industry
1004.jpg,Industry
1005.jpg,Industry
1006.jpg,Industry
1007.jpg,Industry
1008.jpg,Industry
1009.jpg,Industry
1010.jpg,Industry
1011.jpg,Industry
1012.jpg,Industry
1013.jpg,Industry
1014.jpg,Industry
1015.jpg,Industry
1016.jpg,Industry
1017.jpg,Industry
1018.jpg,Industry
1019.jpg,Industry
1020.jpg,Industry
1021.jpg,Industry
1022.jpg,Industry
1023.jpg,Industry
1024.jpg,Industry
1025.jpg,Industry
1026.jpg,Industry
1027.jpg,Industry
1028.jpg,Industry
1029.jpg,Industry
1030.jpg,Industry
1031.jpg,Industry
1032.jpg,Industry
1033.jpg,Industry
1034.jpg,Industry
1035.jpg,Industry
1036.jpg,Industry
1037.jpg,Industry
1038.jpg,Industry
1039.jpg,Industry
1040.jpg,Industry
1041.jpg,Industry
1042.jpg,Industry
1043.jpg,Industry
1044.jpg,Industry
1045.jpg,Industry
1046.jpg,Industry
1047.jpg,Industry
1048.jpg,Industry
1049.jpg,Industry
1050.jpg,Industry
1051.jpg,Industry
1052.jpg,Industry
1053.jpg,Industry
1054.jpg,Industry
1055.jpg,Industry
1056.jpg,Industry
1057.jpg,Industry
1058.jpg,Industry
1059.jpg,Industry
1060.jpg,Industry
1061.jpg,Industry
1062.jpg,Industry
1063.jpg,Industry
1064.jpg,Industry
1065.jpg,Industry
1066.jpg,Industry
1067.jpg,Industry
1068.jpg,Industry
1069.jpg,Industry
1070.jpg,Industry
1071.jpg,Industry
1072.jpg,Industry
1073.jpg,Industry
1074.jpg,Industry
1075.jpg,Industry
1076.jpg,Industry
1077.jpg,Industry
1078.jpg,Industry
1079.jpg,Industry
1080.jpg,Industry
1081.jpg,Industry
1082.jpg,Industry
1083.jpg,Industry
1084.jpg,Industry
1085.jpg,Industry
1086.jpg,Industry
1087.jpg,Industry
1088.jpg,Industry
1089.jpg,Industry
1090.jpg,Industry
1091.jpg,Industry
1092.jpg,Industry
1093.jpg,Industry
1094.jpg,Industry
1095.jpg,Industry
1096.jpg,Industry
1097.jpg,Industry
1098.jpg,Industry
1099.jpg,Industry
1100.jpg,Industry
1101.jpg,Industry
1102.jpg,Industry
1103.jpg,Industry
1104.jpg,Industry
1105.jpg,Industry
1106.jpg,Industry
1107.jpg,Industry
1108.jpg,Industry
1109.jpg,Industry
1110.jpg,Industry
1111.jpg,Industry
1112.jpg,Industry
1113.jpg,Industry
1114.jpg,Industry
1115.jpg,Industry
1116.jpg,Industry
1117.jpg,Industry
1118.jpg,Industry
1119.jpg,Industry
1120.jpg,Industry
1121.jpg,Industry
1122.jpg,Industry
1123.jpg,Industry
1124.jpg,Industry
1125.jpg,Industry
1126.jpg,Industry
1127.jpg,Industry
1128.jpg,Industry
1129.jpg,Industry
1130.jpg,Industry
1131.jpg,Industry
1132.jpg,Industry
1133.jpg,Industry
1134.jpg,Industry
1135.jpg,Industry
1136.jpg,Industry
1137.jpg,Industry
1138.jpg,Industry
1139.jpg,Industry
1140.jpg,Industry
1141.jpg,Industry
1142.jpg,Industry
1143.jpg,Industry
1144.jpg,Industry
1145.jpg,Industry
1146.jpg,Industry
1147.jpg,Industry
1148.jpg,Industry
1149.jpg,Industry
1150.jpg,Industry
1151.jpg,Industry
1152.jpg,Industry
1153.jpg,Industry
1154.jpg,Industry
1155.jpg,Industry
1156.jpg,Industry
1157.jpg,Industry
1158.jpg,Industry
1159.jpg,Industry
1160.jpg,Industry
1161.jpg,Industry
1162.jpg,Industry
1163.jpg,Industry
1164.jpg,Industry
1165.jpg,Industry
1166.jpg,Industry
1167.jpg,Industry
1168.jpg,Industry
1169.jpg,Industry
1170.jpg,Industry
1171.jpg,Industry
1172.jpg,Industry
1173.jpg,Industry
1174.jpg,Industry
1175.jpg,Industry
1176.jpg,Industry
1177.jpg,Industry
1178.jpg,Industry
1179.jpg,Industry
1180.jpg,Industry
1181.jpg,Industry
1182.jpg,Industry
1183.jpg,Industry
1184.jpg,Industry
1185.jpg,Industry
1186.jpg,Industry
1187.jpg,Industry
1188.jpg,Industry
1189.jpg,Industry
1190.jpg,Industry
1191.jpg,Industry
1192.jpg,Industry
1193.jpg,Industry
1194.jpg,Industry
1195.jpg,Industry
1196.jpg,Industry
1197.jpg,Industry
1198.jpg,Industry
1199.jpg,Industry
1200.jpg,Industry
801.jpg,Industry
802.jpg,Industry
803.jpg,Industry
804.jpg,Industry
805.jpg,Industry
806.jpg,Industry
807.jpg,Industry
808.jpg,Industry
809.jpg,Industry
810.jpg,Industry
811.jpg,Industry
812.jpg,Industry
813.jpg,Industry
814.jpg,Industry
815.jpg,Industry
816.jpg,Industry
817.jpg,Industry
818.jpg,Industry
819.jpg,Industry
820.jpg,Industry
821.jpg,Industry
822.jpg,Industry
823.jpg,Industry
824.jpg,Industry
825.jpg,Industry
826.jpg,Industry
827.jpg,Industry
828.jpg,Industry
829.jpg,Industry
830.jpg,Industry
831.jpg,Industry
832.jpg,Industry
833.jpg,Industry
834.jpg,Industry
835.jpg,Industry
836.jpg,Industry
837.jpg,Industry
838.jpg,Industry
839.jpg,Industry
840.jpg,Industry
841.jpg,Industry
842.jpg,Industry
843.jpg,Industry
844.jpg,Industry
845.jpg,Industry
846.jpg,Industry
847.jpg,Industry
848.jpg,Industry
849.jpg,Industry
850.jpg,Industry
851.jpg,Industry
852.jpg,Industry
853.jpg,Industry
854.jpg,Industry
855.jpg,Industry
856.jpg,Industry
857.jpg,Industry
858.jpg,Industry
859.jpg,Industry
860.jpg,Industry
861.jpg,Industry
862.jpg,Industry
863.jpg,Industry
864.jpg,Industry
865.jpg,Industry
866.jpg,Industry
867.jpg,Industry
868.jpg,Industry
869.jpg,Industry
870.jpg,Industry
871.jpg,Industry
872.jpg,Industry
873.jpg,Industry
874.jpg,Industry
875.jpg,Industry
876.jpg,Industry
877.jpg,Industry
878.jpg,Industry
879.jpg,Industry
880.jpg,Industry
881.jpg,Industry
882.jpg,Industry
883.jpg,Industry
884.jpg,Industry
885.jpg,Industry
886.jpg,Industry
887.jpg,Industry
888.jpg,Industry
889.jpg,Industry
890.jpg,Industry
891.jpg,Industry
892.jpg,Industry
893.jpg,Industry
894.jpg,Industry
895.jpg,Industry
896.jpg,Industry
897.jpg,Industry
898.jpg,Industry
899.jpg,Industry
900.jpg,Industry
901.jpg,Industry
902.jpg,Industry
903.jpg,Industry
904.jpg,Industry
905.jpg,Industry
906.jpg,Industry
907.jpg,Industry
908.jpg,Industry
909.jpg,Industry
910.jpg,Industry
911.jpg,Industry
912.jpg,Industry
913.jpg,Industry
914.jpg,Industry
915.jpg,Industry
916.jpg,Industry
917.jpg,Industry
918.jpg,Industry
919.jpg,Industry
920.jpg,Industry
921.jpg,Industry
922.jpg,Industry
923.jpg,Industry
924.jpg,Industry
925.jpg,Industry
926.jpg,Industry
927.jpg,Industry
928.jpg,Industry
929.jpg,Industry
930.jpg,Industry
931.jpg,Industry
932.jpg,Industry
933.jpg,Industry
934.jpg,Industry
935.jpg,Industry
936.jpg,Industry
937.jpg,Industry
938.jpg,Industry
939.jpg,Industry
940.jpg,Industry
941.jpg,Industry
942.jpg,Industry
943.jpg,Industry
944.jpg,Industry
945.jpg,Industry
946.jpg,Industry
947.jpg,Industry
948.jpg,Industry
949.jpg,Industry
950.jpg,Industry
951.jpg,Industry
952.jpg,Industry
953.jpg,Industry
954.jpg,Industry
955.jpg,Industry
956.jpg,Industry
957.jpg,Industry
958.jpg,Industry
959.jpg,Industry
960.jpg,Industry
961.jpg,Industry
962.jpg,Industry
963.jpg,Industry
964.jpg,Industry
965.jpg,Industry
966.jpg,Industry
967.jpg,Industry
968.jpg,Industry
969.jpg,Industry
970.jpg,Industry
971.jpg,Industry
972.jpg,Industry
973.jpg,Industry
974.jpg,Industry
975.jpg,Industry
976.jpg,Industry
977.jpg,Industry
978.jpg,Industry
979.jpg,Industry
980.jpg,Industry
981.jpg,Industry
982.jpg,Industry
983.jpg,Industry
984.jpg,Industry
985.jpg,Industry
986.jpg,Industry
987.jpg,Industry
988.jpg,Industry
989.jpg,Industry
990.jpg,Industry
991.jpg,Industry
992.jpg,Industry
993.jpg,Industry
994.jpg,Industry
995.jpg,Industry
996.jpg,Industry
997.jpg,Industry
998.jpg,Industry
999.jpg,Industry
2401.jpg,Parking
2402.jpg,Parking
2403.jpg,Parking
2404.jpg,Parking
2405.jpg,Parking
2406.jpg,Parking
2407.jpg,Parking
2408.jpg,Parking
2409.jpg,Parking
2410.jpg,Parking
2411.jpg,Parking
2412.jpg,Parking
2413.jpg,Parking
2414.jpg,Parking
2415.jpg,Parking
2416.jpg,Parking
2417.jpg,Parking
2418.jpg,Parking
2419.jpg,Parking
2420.jpg,Parking
2421.jpg,Parking
2422.jpg,Parking
2423.jpg,Parking
2424.jpg,Parking
2425.jpg,Parking
2426.jpg,Parking
2427.jpg,Parking
2428.jpg,Parking
2429.jpg,Parking
2430.jpg,Parking
2431.jpg,Parking
2432.jpg,Parking
2433.jpg,Parking
2434.jpg,Parking
2435.jpg,Parking
2436.jpg,Parking
2437.jpg,Parking
2438.jpg,Parking
2439.jpg,Parking
2440.jpg,Parking
2441.jpg,Parking
2442.jpg,Parking
2443.jpg,Parking
2444.jpg,Parking
2445.jpg,Parking
2446.jpg,Parking
2447.jpg,Parking
2448.jpg,Parking
2449.jpg,Parking
2450.jpg,Parking
2451.jpg,Parking
2452.jpg,Parking
2453.jpg,Parking
2454.jpg,Parking
2455.jpg,Parking
2456.jpg,Parking
2457.jpg,Parking
2458.jpg,Parking
2459.jpg,Parking
2460.jpg,Parking
2461.jpg,Parking
2462.jpg,Parking
2463.jpg,Parking
2464.jpg,Parking
2465.jpg,Parking
2466.jpg,Parking
2467.jpg,Parking
2468.jpg,Parking
2469.jpg,Parking
2470.jpg,Parking
2471.jpg,Parking
2472.jpg,Parking
2473.jpg,Parking
2474.jpg,Parking
2475.jpg,Parking
2476.jpg,Parking
2477.jpg,Parking
2478.jpg,Parking
2479.jpg,Parking
2480.jpg,Parking
2481.jpg,Parking
2482.jpg,Parking
2483.jpg,Parking
2484.jpg,Parking
2485.jpg,Parking
2486.jpg,Parking
2487.jpg,Parking
2488.jpg,Parking
2489.jpg,Parking
2490.jpg,Parking
2491.jpg,Parking
2492.jpg,Parking
2493.jpg,Parking
2494.jpg,Parking
2495.jpg,Parking
2496.jpg,Parking
2497.jpg,Parking
2498.jpg,Parking
2499.jpg,Parking
2500.jpg,Parking
2501.jpg,Parking
2502.jpg,Parking
2503.jpg,Parking
2504.jpg,Parking
2505.jpg,Parking
2506.jpg,Parking
2507.jpg,Parking
2508.jpg,Parking
2509.jpg,Parking
2510.jpg,Parking
2511.jpg,Parking
2512.jpg,Parking
2513.jpg,Parking
2514.jpg,Parking
2515.jpg,Parking
2516.jpg,Parking
2517.jpg,Parking
2518.jpg,Parking
2519.jpg,Parking
2520.jpg,Parking
2521.jpg,Parking
2522.jpg,Parking
2523.jpg,Parking
2524.jpg,Parking
2525.jpg,Parking
2526.jpg,Parking
2527.jpg,Parking
2528.jpg,Parking
2529.jpg,Parking
2530.jpg,Parking
2531.jpg,Parking
2532.jpg,Parking
2533.jpg,Parking
2534.jpg,Parking
2535.jpg,Parking
2536.jpg,Parking
2537.jpg,Parking
2538.jpg,Parking
2539.jpg,Parking
2540.jpg,Parking
2541.jpg,Parking
2542.jpg,Parking
2543.jpg,Parking
2544.jpg,Parking
2545.jpg,Parking
2546.jpg,Parking
2547.jpg,Parking
2548.jpg,Parking
2549.jpg,Parking
2550.jpg,Parking
2551.jpg,Parking
2552.jpg,Parking
2553.jpg,Parking
2554.jpg,Parking
2555.jpg,Parking
2556.jpg,Parking
2557.jpg,Parking
2558.jpg,Parking
2559.jpg,Parking
2560.jpg,Parking
2561.jpg,Parking
2562.jpg,Parking
2563.jpg,Parking
2564.jpg,Parking
2565.jpg,Parking
2566.jpg,Parking
2567.jpg,Parking
2568.jpg,Parking
2569.jpg,Parking
2570.jpg,Parking
2571.jpg,Parking
2572.jpg,Parking
2573.jpg,Parking
2574.jpg,Parking
2575.jpg,Parking
2576.jpg,Parking
2577.jpg,Parking
2578.jpg,Parking
2579.jpg,Parking
2580.jpg,Parking
2581.jpg,Parking
2582.jpg,Parking
2583.jpg,Parking
2584.jpg,Parking
2585.jpg,Parking
2586.jpg,Parking
2587.jpg,Parking
2588.jpg,Parking
2589.jpg,Parking
2590.jpg,Parking
2591.jpg,Parking
2592.jpg,Parking
2593.jpg,Parking
2594.jpg,Parking
2595.jpg,Parking
2596.jpg,Parking
2597.jpg,Parking
2598.jpg,Parking
2599.jpg,Parking
2600.jpg,Parking
2601.jpg,Parking
2602.jpg,Parking
2603.jpg,Parking
2604.jpg,Parking
2605.jpg,Parking
2606.jpg,Parking
2607.jpg,Parking
2608.jpg,Parking
2609.jpg,Parking
2610.jpg,Parking
2611.jpg,Parking
2612.jpg,Parking
2613.jpg,Parking
2614.jpg,Parking
2615.jpg,Parking
2616.jpg,Parking
2617.jpg,Parking
2618.jpg,Parking
2619.jpg,Parking
2620.jpg,Parking
2621.jpg,Parking
2622.jpg,Parking
2623.jpg,Parking
2624.jpg,Parking
2625.jpg,Parking
2626.jpg,Parking
2627.jpg,Parking
2628.jpg,Parking
2629.jpg,Parking
2630.jpg,Parking
2631.jpg,Parking
2632.jpg,Parking
2633.jpg,Parking
2634.jpg,Parking
2635.jpg,Parking
2636.jpg,Parking
2637.jpg,Parking
2638.jpg,Parking
2639.jpg,Parking
2640.jpg,Parking
2641.jpg,Parking
2642.jpg,Parking
2643.jpg,Parking
2644.jpg,Parking
2645.jpg,Parking
2646.jpg,Parking
2647.jpg,Parking
2648.jpg,Parking
2649.jpg,Parking
2650.jpg,Parking
2651.jpg,Parking
2652.jpg,Parking
2653.jpg,Parking
2654.jpg,Parking
2655.jpg,Parking
2656.jpg,Parking
2657.jpg,Parking
2658.jpg,Parking
2659.jpg,Parking
2660.jpg,Parking
2661.jpg,Parking
2662.jpg,Parking
2663.jpg,Parking
2664.jpg,Parking
2665.jpg,Parking
2666.jpg,Parking
2667.jpg,Parking
2668.jpg,Parking
2669.jpg,Parking
2670.jpg,Parking
2671.jpg,Parking
2672.jpg,Parking
2673.jpg,Parking
2674.jpg,Parking
2675.jpg,Parking
2676.jpg,Parking
2677.jpg,Parking
2678.jpg,Parking
2679.jpg,Parking
2680.jpg,Parking
2681.jpg,Parking
2682.jpg,Parking
2683.jpg,Parking
2684.jpg,Parking
2685.jpg,Parking
2686.jpg,Parking
2687.jpg,Parking
2688.jpg,Parking
2689.jpg,Parking
2690.jpg,Parking
2691.jpg,Parking
2692.jpg,Parking
2693.jpg,Parking
2694.jpg,Parking
2695.jpg,Parking
2696.jpg,Parking
2697.jpg,Parking
2698.jpg,Parking
2699.jpg,Parking
2700.jpg,Parking
2701.jpg,Parking
2702.jpg,Parking
2703.jpg,Parking
2704.jpg,Parking
2705.jpg,Parking
2706.jpg,Parking
2707.jpg,Parking
2708.jpg,Parking
2709.jpg,Parking
2710.jpg,Parking
2711.jpg,Parking
2712.jpg,Parking
2713.jpg,Parking
2714.jpg,Parking
2715.jpg,Parking
2716.jpg,Parking
2717.jpg,Parking
2718.jpg,Parking
2719.jpg,Parking
2720.jpg,Parking
2721.jpg,Parking
2722.jpg,Parking
2723.jpg,Parking
2724.jpg,Parking
2725.jpg,Parking
2726.jpg,Parking
2727.jpg,Parking
2728.jpg,Parking
2729.jpg,Parking
2730.jpg,Parking
2731.jpg,Parking
2732.jpg,Parking
2733.jpg,Parking
2734.jpg,Parking
2735.jpg,Parking
2736.jpg,Parking
2737.jpg,Parking
2738.jpg,Parking
2739.jpg,Parking
2740.jpg,Parking
2741.jpg,Parking
2742.jpg,Parking
2743.jpg,Parking
2744.jpg,Parking
2745.jpg,Parking
2746.jpg,Parking
2747.jpg,Parking
2748.jpg,Parking
2749.jpg,Parking
2750.jpg,Parking
2751.jpg,Parking
2752.jpg,Parking
2753.jpg,Parking
2754.jpg,Parking
2755.jpg,Parking
2756.jpg,Parking
2757.jpg,Parking
2758.jpg,Parking
2759.jpg,Parking
2760.jpg,Parking
2761.jpg,Parking
2762.jpg,Parking
2763.jpg,Parking
2764.jpg,Parking
2765.jpg,Parking
2766.jpg,Parking
2767.jpg,Parking
2768.jpg,Parking
2769.jpg,Parking
2770.jpg,Parking
2771.jpg,Parking
2772.jpg,Parking
2773.jpg,Parking
2774.jpg,Parking
2775.jpg,Parking
2776.jpg,Parking
2777.jpg,Parking
2778.jpg,Parking
2779.jpg,Parking
2780.jpg,Parking
2781.jpg,Parking
2782.jpg,Parking
2783.jpg,Parking
2784.jpg,Parking
2785.jpg,Parking
2786.jpg,Parking
2787.jpg,Parking
2788.jpg,Parking
2789.jpg,Parking
2790.jpg,Parking
2791.jpg,Parking
2792.jpg,Parking
2793.jpg,Parking
2794.jpg,Parking
2795.jpg,Parking
2796.jpg,Parking
2797.jpg,Parking
2798.jpg,Parking
2799.jpg,Parking
2800.jpg,Parking
2001.jpg,Resident
2002.jpg,Resident
2003.jpg,Resident
2004.jpg,Resident
2005.jpg,Resident
2006.jpg,Resident
2007.jpg,Resident
2008.jpg,Resident
2009.jpg,Resident
2010.jpg,Resident
2011.jpg,Resident
2012.jpg,Resident
2013.jpg,Resident
2014.jpg,Resident
2015.jpg,Resident
2016.jpg,Resident
2017.jpg,Resident
2018.jpg,Resident
2019.jpg,Resident
2020.jpg,Resident
2021.jpg,Resident
2022.jpg,Resident
2023.jpg,Resident
2024.jpg,Resident
2025.jpg,Resident
2026.jpg,Resident
2027.jpg,Resident
2028.jpg,Resident
2029.jpg,Resident
2030.jpg,Resident
2031.jpg,Resident
2032.jpg,Resident
2033.jpg,Resident
2034.jpg,Resident
2035.jpg,Resident
2036.jpg,Resident
2037.jpg,Resident
2038.jpg,Resident
2039.jpg,Resident
2040.jpg,Resident
2041.jpg,Resident
2042.jpg,Resident
2043.jpg,Resident
2044.jpg,Resident
2045.jpg,Resident
2046.jpg,Resident
2047.jpg,Resident
2048.jpg,Resident
2049.jpg,Resident
2050.jpg,Resident
2051.jpg,Resident
2052.jpg,Resident
2053.jpg,Resident
2054.jpg,Resident
2055.jpg,Resident
2056.jpg,Resident
2057.jpg,Resident
2058.jpg,Resident
2059.jpg,Resident
2060.jpg,Resident
2061.jpg,Resident
2062.jpg,Resident
2063.jpg,Resident
2064.jpg,Resident
2065.jpg,Resident
2066.jpg,Resident
2067.jpg,Resident
2068.jpg,Resident
2069.jpg,Resident
2070.jpg,Resident
2071.jpg,Resident
2072.jpg,Resident
2073.jpg,Resident
2074.jpg,Resident
2075.jpg,Resident
2076.jpg,Resident
2077.jpg,Resident
2078.jpg,Resident
2079.jpg,Resident
2080.jpg,Resident
2081.jpg,Resident
2082.jpg,Resident
2083.jpg,Resident
2084.jpg,Resident
2085.jpg,Resident
2086.jpg,Resident
2087.jpg,Resident
2088.jpg,Resident
2089.jpg,Resident
2090.jpg,Resident
2091.jpg,Resident
2092.jpg,Resident
2093.jpg,Resident
2094.jpg,Resident
2095.jpg,Resident
2096.jpg,Resident
2097.jpg,Resident
2098.jpg,Resident
2099.jpg,Resident
2100.jpg,Resident
2101.jpg,Resident
2102.jpg,Resident
2103.jpg,Resident
2104.jpg,Resident
2105.jpg,Resident
2106.jpg,Resident
2107.jpg,Resident
2108.jpg,Resident
2109.jpg,Resident
2110.jpg,Resident
2111.jpg,Resident
2112.jpg,Resident
2113.jpg,Resident
2114.jpg,Resident
2115.jpg,Resident
2116.jpg,Resident
2117.jpg,Resident
2118.jpg,Resident
2119.jpg,Resident
2120.jpg,Resident
2121.jpg,Resident
2122.jpg,Resident
2123.jpg,Resident
2124.jpg,Resident
2125.jpg,Resident
2126.jpg,Resident
2127.jpg,Resident
2128.jpg,Resident
2129.jpg,Resident
2130.jpg,Resident
2131.jpg,Resident
2132.jpg,Resident
2133.jpg,Resident
2134.jpg,Resident
2135.jpg,Resident
2136.jpg,Resident
2137.jpg,Resident
2138.jpg,Resident
2139.jpg,Resident
2140.jpg,Resident
2141.jpg,Resident
2142.jpg,Resident
2143.jpg,Resident
2144.jpg,Resident
2145.jpg,Resident
2146.jpg,Resident
2147.jpg,Resident
2148.jpg,Resident
2149.jpg,Resident
2150.jpg,Resident
2151.jpg,Resident
2152.jpg,Resident
2153.jpg,Resident
2154.jpg,Resident
2155.jpg,Resident
2156.jpg,Resident
2157.jpg,Resident
2158.jpg,Resident
2159.jpg,Resident
2160.jpg,Resident
2161.jpg,Resident
2162.jpg,Resident
2163.jpg,Resident
2164.jpg,Resident
2165.jpg,Resident
2166.jpg,Resident
2167.jpg,Resident
2168.jpg,Resident
2169.jpg,Resident
2170.jpg,Resident
2171.jpg,Resident
2172.jpg,Resident
2173.jpg,Resident
2174.jpg,Resident
2175.jpg,Resident
2176.jpg,Resident
2177.jpg,Resident
2178.jpg,Resident
2179.jpg,Resident
2180.jpg,Resident
2181.jpg,Resident
2182.jpg,Resident
2183.jpg,Resident
2184.jpg,Resident
2185.jpg,Resident
2186.jpg,Resident
2187.jpg,Resident
2188.jpg,Resident
2189.jpg,Resident
2190.jpg,Resident
2191.jpg,Resident
2192.jpg,Resident
2193.jpg,Resident
2194.jpg,Resident
2195.jpg,Resident
2196.jpg,Resident
2197.jpg,Resident
2198.jpg,Resident
2199.jpg,Resident
2200.jpg,Resident
2201.jpg,Resident
2202.jpg,Resident
2203.jpg,Resident
2204.jpg,Resident
2205.jpg,Resident
2206.jpg,Resident
2207.jpg,Resident
2208.jpg,Resident
2209.jpg,Resident
2210.jpg,Resident
2211.jpg,Resident
2212.jpg,Resident
2213.jpg,Resident
2214.jpg,Resident
2215.jpg,Resident
2216.jpg,Resident
2217.jpg,Resident
2218.jpg,Resident
2219.jpg,Resident
2220.jpg,Resident
2221.jpg,Resident
2222.jpg,Resident
2223.jpg,Resident
2224.jpg,Resident
2225.jpg,Resident
2226.jpg,Resident
2227.jpg,Resident
2228.jpg,Resident
2229.jpg,Resident
2230.jpg,Resident
2231.jpg,Resident
2232.jpg,Resident
2233.jpg,Resident
2234.jpg,Resident
2235.jpg,Resident
2236.jpg,Resident
2237.jpg,Resident
2238.jpg,Resident
2239.jpg,Resident
2240.jpg,Resident
2241.jpg,Resident
2242.jpg,Resident
2243.jpg,Resident
2244.jpg,Resident
2245.jpg,Resident
2246.jpg,Resident
2247.jpg,Resident
2248.jpg,Resident
2249.jpg,Resident
2250.jpg,Resident
2251.jpg,Resident
2252.jpg,Resident
2253.jpg,Resident
2254.jpg,Resident
2255.jpg,Resident
2256.jpg,Resident
2257.jpg,Resident
2258.jpg,Resident
2259.jpg,Resident
2260.jpg,Resident
2261.jpg,Resident
2262.jpg,Resident
2263.jpg,Resident
2264.jpg,Resident
2265.jpg,Resident
2266.jpg,Resident
2267.jpg,Resident
2268.jpg,Resident
2269.jpg,Resident
2270.jpg,Resident
2271.jpg,Resident
2272.jpg,Resident
2273.jpg,Resident
2274.jpg,Resident
2275.jpg,Resident
2276.jpg,Resident
2277.jpg,Resident
2278.jpg,Resident
2279.jpg,Resident
2280.jpg,Resident
2281.jpg,Resident
2282.jpg,Resident
2283.jpg,Resident
2284.jpg,Resident
2285.jpg,Resident
2286.jpg,Resident
2287.jpg,Resident
2288.jpg,Resident
2289.jpg,Resident
2290.jpg,Resident
2291.jpg,Resident
2292.jpg,Resident
2293.jpg,Resident
2294.jpg,Resident
2295.jpg,Resident
2296.jpg,Resident
2297.jpg,Resident
2298.jpg,Resident
2299.jpg,Resident
2300.jpg,Resident
2301.jpg,Resident
2302.jpg,Resident
2303.jpg,Resident
2304.jpg,Resident
2305.jpg,Resident
2306.jpg,Resident
2307.jpg,Resident
2308.jpg,Resident
2309.jpg,Resident
2310.jpg,Resident
2311.jpg,Resident
2312.jpg,Resident
2313.jpg,Resident
2314.jpg,Resident
2315.jpg,Resident
2316.jpg,Resident
2317.jpg,Resident
2318.jpg,Resident
2319.jpg,Resident
2320.jpg,Resident
2321.jpg,Resident
2322.jpg,Resident
2323.jpg,Resident
2324.jpg,Resident
2325.jpg,Resident
2326.jpg,Resident
2327.jpg,Resident
2328.jpg,Resident
2329.jpg,Resident
2330.jpg,Resident
2331.jpg,Resident
2332.jpg,Resident
2333.jpg,Resident
2334.jpg,Resident
2335.jpg,Resident
2336.jpg,Resident
2337.jpg,Resident
2338.jpg,Resident
2339.jpg,Resident
2340.jpg,Resident
2341.jpg,Resident
2342.jpg,Resident
2343.jpg,Resident
2344.jpg,Resident
2345.jpg,Resident
2346.jpg,Resident
2347.jpg,Resident
2348.jpg,Resident
2349.jpg,Resident
2350.jpg,Resident
2351.jpg,Resident
2352.jpg,Resident
2353.jpg,Resident
2354.jpg,Resident
2355.jpg,Resident
2356.jpg,Resident
2357.jpg,Resident
2358.jpg,Resident
2359.jpg,Resident
2360.jpg,Resident
2361.jpg,Resident
2362.jpg,Resident
2363.jpg,Resident
2364.jpg,Resident
2365.jpg,Resident
2366.jpg,Resident
2367.jpg,Resident
2368.jpg,Resident
2369.jpg,Resident
2370.jpg,Resident
2371.jpg,Resident
2372.jpg,Resident
2373.jpg,Resident
2374.jpg,Resident
2375.jpg,Resident
2376.jpg,Resident
2377.jpg,Resident
2378.jpg,Resident
2379.jpg,Resident
2380.jpg,Resident
2381.jpg,Resident
2382.jpg,Resident
2383.jpg,Resident
2384.jpg,Resident
2385.jpg,Resident
2386.jpg,Resident
2387.jpg,Resident
2388.jpg,Resident
2389.jpg,Resident
2390.jpg,Resident
2391.jpg,Resident
2392.jpg,Resident
2393.jpg,Resident
2394.jpg,Resident
2395.jpg,Resident
2396.jpg,Resident
2397.jpg,Resident
2398.jpg,Resident
2399.jpg,Resident
2400.jpg,Resident
1201.jpg,River
1202.jpg,River
1203.jpg,River
1204.jpg,River
1205.jpg,River
1206.jpg,River
1207.jpg,River
1208.jpg,River
1209.jpg,River
1210.jpg,River
1211.jpg,River
1212.jpg,River
1213.jpg,River
1214.jpg,River
1215.jpg,River
1216.jpg,River
1217.jpg,River
1218.jpg,River
1219.jpg,River
1220.jpg,River
1221.jpg,River
1222.jpg,River
1223.jpg,River
1224.jpg,River
1225.jpg,River
1226.jpg,River
1227.jpg,River
1228.jpg,River
1229.jpg,River
1230.jpg,River
1231.jpg,River
1232.jpg,River
1233.jpg,River
1234.jpg,River
1235.jpg,River
1236.jpg,River
1237.jpg,River
1238.jpg,River
1239.jpg,River
1240.jpg,River
1241.jpg,River
1242.jpg,River
1243.jpg,River
1244.jpg,River
1245.jpg,River
1246.jpg,River
1247.jpg,River
1248.jpg,River
1249.jpg,River
1250.jpg,River
1251.jpg,River
1252.jpg,River
1253.jpg,River
1254.jpg,River
1255.jpg,River
1256.jpg,River
1257.jpg,River
1258.jpg,River
1259.jpg,River
1260.jpg,River
1261.jpg,River
1262.jpg,River
1263.jpg,River
1264.jpg,River
1265.jpg,River
1266.jpg,River
1267.jpg,River
1268.jpg,River
1269.jpg,River
1270.jpg,River
1271.jpg,River
1272.jpg,River
1273.jpg,River
1274.jpg,River
1275.jpg,River
1276.jpg,River
1277.jpg,River
1278.jpg,River
1279.jpg,River
1280.jpg,River
1281.jpg,River
1282.jpg,River
1283.jpg,River
1284.jpg,River
1285.jpg,River
1286.jpg,River
1287.jpg,River
1288.jpg,River
1289.jpg,River
1290.jpg,River
1291.jpg,River
1292.jpg,River
1293.jpg,River
1294.jpg,River
1295.jpg,River
1296.jpg,River
1297.jpg,River
1298.jpg,River
1299.jpg,River
1300.jpg,River
1301.jpg,River
1302.jpg,River
1303.jpg,River
1304.jpg,River
1305.jpg,River
1306.jpg,River
1307.jpg,River
1308.jpg,River
1309.jpg,River
1310.jpg,River
1311.jpg,River
1312.jpg,River
1313.jpg,River
1314.jpg,River
1315.jpg,River
1316.jpg,River
1317.jpg,River
1318.jpg,River
1319.jpg,River
1320.jpg,River
1321.jpg,River
1322.jpg,River
1323.jpg,River
1324.jpg,River
1325.jpg,River
1326.jpg,River
1327.jpg,River
1328.jpg,River
1329.jpg,River
1330.jpg,River
1331.jpg,River
1332.jpg,River
1333.jpg,River
1334.jpg,River
1335.jpg,River
1336.jpg,River
1337.jpg,River
1338.jpg,River
1339.jpg,River
1340.jpg,River
1341.jpg,River
1342.jpg,River
1343.jpg,River
1344.jpg,River
1345.jpg,River
1346.jpg,River
1347.jpg,River
1348.jpg,River
1349.jpg,River
1350.jpg,River
1351.jpg,River
1352.jpg,River
1353.jpg,River
1354.jpg,River
1355.jpg,River
1356.jpg,River
1357.jpg,River
1358.jpg,River
1359.jpg,River
1360.jpg,River
1361.jpg,River
1362.jpg,River
1363.jpg,River
1364.jpg,River
1365.jpg,River
1366.jpg,River
1367.jpg,River
1368.jpg,River
1369.jpg,River
1370.jpg,River
1371.jpg,River
1372.jpg,River
1373.jpg,River
1374.jpg,River
1375.jpg,River
1376.jpg,River
1377.jpg,River
1378.jpg,River
1379.jpg,River
1380.jpg,River
1381.jpg,River
1382.jpg,River
1383.jpg,River
1384.jpg,River
1385.jpg,River
1386.jpg,River
1387.jpg,River
1388.jpg,River
1389.jpg,River
1390.jpg,River
1391.jpg,River
1392.jpg,River
1393.jpg,River
1394.jpg,River
1395.jpg,River
1396.jpg,River
1397.jpg,River
1398.jpg,River
1399.jpg,River
1400.jpg,River
1401.jpg,River
1402.jpg,River
1403.jpg,River
1404.jpg,River
1405.jpg,River
1406.jpg,River
1407.jpg,River
1408.jpg,River
1409.jpg,River
1410.jpg,River
1411.jpg,River
1412.jpg,River
1413.jpg,River
1414.jpg,River
1415.jpg,River
1416.jpg,River
1417.jpg,River
1418.jpg,River
1419.jpg,River
1420.jpg,River
1421.jpg,River
1422.jpg,River
1423.jpg,River
1424.jpg,River
1425.jpg,River
1426.jpg,River
1427.jpg,River
1428.jpg,River
1429.jpg,River
1430.jpg,River
1431.jpg,River
1432.jpg,River
1433.jpg,River
1434.jpg,River
1435.jpg,River
1436.jpg,River
1437.jpg,River
1438.jpg,River
1439.jpg,River
1440.jpg,River
1441.jpg,River
1442.jpg,River
1443.jpg,River
1444.jpg,River
1445.jpg,River
1446.jpg,River
1447.jpg,River
1448.jpg,River
1449.jpg,River
1450.jpg,River
1451.jpg,River
1452.jpg,River
1453.jpg,River
1454.jpg,River
1455.jpg,River
1456.jpg,River
1457.jpg,River
1458.jpg,River
1459.jpg,River
1460.jpg,River
1461.jpg,River
1462.jpg,River
1463.jpg,River
1464.jpg,River
1465.jpg,River
1466.jpg,River
1467.jpg,River
1468.jpg,River
1469.jpg,River
1470.jpg,River
1471.jpg,River
1472.jpg,River
1473.jpg,River
1474.jpg,River
1475.jpg,River
1476.jpg,River
1477.jpg,River
1478.jpg,River
1479.jpg,River
1480.jpg,River
1481.jpg,River
1482.jpg,River
1483.jpg,River
1484.jpg,River
1485.jpg,River
1486.jpg,River
1487.jpg,River
1488.jpg,River
1489.jpg,River
1490.jpg,River
1491.jpg,River
1492.jpg,River
1493.jpg,River
1494.jpg,River
1495.jpg,River
1496.jpg,River
1497.jpg,River
1498.jpg,River
1499.jpg,River
1500.jpg,River
1501.jpg,River
1502.jpg,River
1503.jpg,River
1504.jpg,River
1505.jpg,River
1506.jpg,River
1507.jpg,River
1508.jpg,River
1509.jpg,River
1510.jpg,River
1511.jpg,River
1512.jpg,River
1513.jpg,River
1514.jpg,River
1515.jpg,River
1516.jpg,River
1517.jpg,River
1518.jpg,River
1519.jpg,River
1520.jpg,River
1521.jpg,River
1522.jpg,River
1523.jpg,River
1524.jpg,River
1525.jpg,River
1526.jpg,River
1527.jpg,River
1528.jpg,River
1529.jpg,River
1530.jpg,River
1531.jpg,River
1532.jpg,River
1533.jpg,River
1534.jpg,River
1535.jpg,River
1536.jpg,River
1537.jpg,River
1538.jpg,River
1539.jpg,River
1540.jpg,River
1541.jpg,River
1542.jpg,River
1543.jpg,River
1544.jpg,River
1545.jpg,River
1546.jpg,River
1547.jpg,River
1548.jpg,River
1549.jpg,River
1550.jpg,River
1551.jpg,River
1552.jpg,River
1553.jpg,River
1554.jpg,River
1555.jpg,River
1556.jpg,River
1557.jpg,River
1558.jpg,River
1559.jpg,River
1560.jpg,River
1561.jpg,River
1562.jpg,River
1563.jpg,River
1564.jpg,River
1565.jpg,River
1566.jpg,River
1567.jpg,River
1568.jpg,River
1569.jpg,River
1570.jpg,River
1571.jpg,River
1572.jpg,River
1573.jpg,River
1574.jpg,River
1575.jpg,River
1576.jpg,River
1577.jpg,River
1578.jpg,River
1579.jpg,River
1580.jpg,River
1581.jpg,River
1582.jpg,River
1583.jpg,River
1584.jpg,River
1585.jpg,River
1586.jpg,River
1587.jpg,River
1588.jpg,River
1589.jpg,River
1590.jpg,River
1591.jpg,River
1592.jpg,River
1593.jpg,River
1594.jpg,River
1595.jpg,River
1596.jpg,River
1597.jpg,River
1598.jpg,River
1599.jpg,River
1600.jpg,River
